{"cameraMode":{"drawMode":0,"name":"Shaded","section":"Shading Mode"},"sceneLighting":false,"audioPlay":false,"sceneViewState":{"m_AlwaysRefresh":false,"showFog":true,"showSkybox":false,"showFlares":true,"showImageEffects":true,"showParticleSystems":true,"showVisualEffectGraphs":true,"m_FxEnabled":true},"in2DMode":false,"pivot":{"x":0.009074211120605469,"y":1.4110839366912842,"z":-2.2852466106414797},"rotation":{"x":0.1800185739994049,"y":0.7117917537689209,"z":-0.19723181426525117,"w":0.6496703624725342},"size":2.474846124649048,"orthographic":false}